Lebendgeburten in Wien gemeldeter Personen nach Geschlecht des Kindes seit 2002 - Bezirke Wien | Live births of residents in Vienna by sex of child since 2002 - districts of Vienna
NUTS;DISTRICT_CODE;SUB_DISTRICT_CODE;REF_YEAR;REF_DATE;SEX;BIR
AT13;90100;90100;2002;2002;1;58
AT13;90100;90100;2002;2002;2;72
AT13;90200;90200;2002;2002;1;490
AT13;90200;90200;2002;2002;2;491
AT13;90300;90300;2002;2002;1;370
AT13;90300;90300;2002;2002;2;391
AT13;90400;90400;2002;2002;1;135
AT13;90400;90400;2002;2002;2;124
AT13;90500;90500;2002;2002;1;268
AT13;90500;90500;2002;2002;2;289
AT13;90600;90600;2002;2002;1;141
AT13;90600;90600;2002;2002;2;143
AT13;90700;90700;2002;2002;1;157
AT13;90700;90700;2002;2002;2;148
AT13;90800;90800;2002;2002;1;102
AT13;90800;90800;2002;2002;2;108
AT13;90900;90900;2002;2002;1;169
AT13;90900;90900;2002;2002;2;197
AT13;91000;91000;2002;2002;1;839
AT13;91000;91000;2002;2002;2;793
AT13;91100;91100;2002;2002;1;473
AT13;91100;91100;2002;2002;2;482
AT13;91200;91200;2002;2002;1;424
AT13;91200;91200;2002;2002;2;417
AT13;91300;91300;2002;2002;1;205
AT13;91300;91300;2002;2002;2;227
AT13;91400;91400;2002;2002;1;429
AT13;91400;91400;2002;2002;2;369
AT13;91500;91500;2002;2002;1;398
AT13;91500;91500;2002;2002;2;381
AT13;91600;91600;2002;2002;1;542
AT13;91600;91600;2002;2002;2;487
AT13;91700;91700;2002;2002;1;253
AT13;91700;91700;2002;2002;2;263
AT13;91800;91800;2002;2002;1;237
AT13;91800;91800;2002;2002;2;226
AT13;91900;91900;2002;2002;1;281
AT13;91900;91900;2002;2002;2;322
AT13;92000;92000;2002;2002;1;446
AT13;92000;92000;2002;2002;2;481
AT13;92100;92100;2002;2002;1;659
AT13;92100;92100;2002;2002;2;606
AT13;92200;92200;2002;2002;1;819
AT13;92200;92200;2002;2002;2;717
AT13;92300;92300;2002;2002;1;416
AT13;92300;92300;2002;2002;2;383
AT13;90100;90100;2003;2003;1;84
AT13;90100;90100;2003;2003;2;84
AT13;90200;90200;2003;2003;1;512
AT13;90200;90200;2003;2003;2;490
AT13;90300;90300;2003;2003;1;426
AT13;90300;90300;2003;2003;2;380
AT13;90400;90400;2003;2003;1;155
AT13;90400;90400;2003;2003;2;139
AT13;90500;90500;2003;2003;1;307
AT13;90500;90500;2003;2003;2;269
AT13;90600;90600;2003;2003;1;154
AT13;90600;90600;2003;2003;2;142
AT13;90700;90700;2003;2003;1;157
AT13;90700;90700;2003;2003;2;116
AT13;90800;90800;2003;2003;1;104
AT13;90800;90800;2003;2003;2;93
AT13;90900;90900;2003;2003;1;224
AT13;90900;90900;2003;2003;2;195
AT13;91000;91000;2003;2003;1;857
AT13;91000;91000;2003;2003;2;785
AT13;91100;91100;2003;2003;1;506
AT13;91100;91100;2003;2003;2;427
AT13;91200;91200;2003;2003;1;438
AT13;91200;91200;2003;2003;2;420
AT13;91300;91300;2003;2003;1;205
AT13;91300;91300;2003;2003;2;217
AT13;91400;91400;2003;2003;1;394
AT13;91400;91400;2003;2003;2;360
AT13;91500;91500;2003;2003;1;440
AT13;91500;91500;2003;2003;2;401
AT13;91600;91600;2003;2003;1;520
AT13;91600;91600;2003;2003;2;503
AT13;91700;91700;2003;2003;1;275
AT13;91700;91700;2003;2003;2;238
AT13;91800;91800;2003;2003;1;258
AT13;91800;91800;2003;2003;2;239
AT13;91900;91900;2003;2003;1;301
AT13;91900;91900;2003;2003;2;268
AT13;92000;92000;2003;2003;1;507
AT13;92000;92000;2003;2003;2;478
AT13;92100;92100;2003;2003;1;626
AT13;92100;92100;2003;2003;2;616
AT13;92200;92200;2003;2003;1;766
AT13;92200;92200;2003;2003;2;665
AT13;92300;92300;2003;2003;1;393
AT13;92300;92300;2003;2003;2;352
AT13;90100;90100;2004;2004;1;72
AT13;90100;90100;2004;2004;2;73
AT13;90200;90200;2004;2004;1;491
AT13;90200;90200;2004;2004;2;471
AT13;90300;90300;2004;2004;1;428
AT13;90300;90300;2004;2004;2;414
AT13;90400;90400;2004;2004;1;146
AT13;90400;90400;2004;2004;2;155
AT13;90500;90500;2004;2004;1;300
AT13;90500;90500;2004;2004;2;283
AT13;90600;90600;2004;2004;1;129
AT13;90600;90600;2004;2004;2;139
AT13;90700;90700;2004;2004;1;150
AT13;90700;90700;2004;2004;2;149
AT13;90800;90800;2004;2004;1;118
AT13;90800;90800;2004;2004;2;99
AT13;90900;90900;2004;2004;1;194
AT13;90900;90900;2004;2004;2;179
AT13;91000;91000;2004;2004;1;928
AT13;91000;91000;2004;2004;2;793
AT13;91100;91100;2004;2004;1;496
AT13;91100;91100;2004;2004;2;507
AT13;91200;91200;2004;2004;1;493
AT13;91200;91200;2004;2004;2;425
AT13;91300;91300;2004;2004;1;211
AT13;91300;91300;2004;2004;2;199
AT13;91400;91400;2004;2004;1;419
AT13;91400;91400;2004;2004;2;391
AT13;91500;91500;2004;2004;1;426
AT13;91500;91500;2004;2004;2;392
AT13;91600;91600;2004;2004;1;543
AT13;91600;91600;2004;2004;2;528
AT13;91700;91700;2004;2004;1;289
AT13;91700;91700;2004;2004;2;253
AT13;91800;91800;2004;2004;1;285
AT13;91800;91800;2004;2004;2;266
AT13;91900;91900;2004;2004;1;307
AT13;91900;91900;2004;2004;2;268
AT13;92000;92000;2004;2004;1;531
AT13;92000;92000;2004;2004;2;487
AT13;92100;92100;2004;2004;1;652
AT13;92100;92100;2004;2004;2;614
AT13;92200;92200;2004;2004;1;749
AT13;92200;92200;2004;2004;2;695
AT13;92300;92300;2004;2004;1;383
AT13;92300;92300;2004;2004;2;336
AT13;90100;90100;2005;2005;1;55
AT13;90100;90100;2005;2005;2;72
AT13;90200;90200;2005;2005;1;487
AT13;90200;90200;2005;2005;2;501
AT13;90300;90300;2005;2005;1;431
AT13;90300;90300;2005;2005;2;389
AT13;90400;90400;2005;2005;1;136
AT13;90400;90400;2005;2005;2;148
AT13;90500;90500;2005;2005;1;290
AT13;90500;90500;2005;2005;2;313
AT13;90600;90600;2005;2005;1;125
AT13;90600;90600;2005;2005;2;140
AT13;90700;90700;2005;2005;1;134
AT13;90700;90700;2005;2005;2;146
AT13;90800;90800;2005;2005;1;117
AT13;90800;90800;2005;2005;2;110
AT13;90900;90900;2005;2005;1;192
AT13;90900;90900;2005;2005;2;188
AT13;91000;91000;2005;2005;1;866
AT13;91000;91000;2005;2005;2;839
AT13;91100;91100;2005;2005;1;455
AT13;91100;91100;2005;2005;2;486
AT13;91200;91200;2005;2005;1;508
AT13;91200;91200;2005;2005;2;440
AT13;91300;91300;2005;2005;1;215
AT13;91300;91300;2005;2005;2;197
AT13;91400;91400;2005;2005;1;397
AT13;91400;91400;2005;2005;2;393
AT13;91500;91500;2005;2005;1;425
AT13;91500;91500;2005;2005;2;384
AT13;91600;91600;2005;2005;1;571
AT13;91600;91600;2005;2005;2;518
AT13;91700;91700;2005;2005;1;285
AT13;91700;91700;2005;2005;2;305
AT13;91800;91800;2005;2005;1;242
AT13;91800;91800;2005;2005;2;219
AT13;91900;91900;2005;2005;1;310
AT13;91900;91900;2005;2005;2;252
AT13;92000;92000;2005;2005;1;537
AT13;92000;92000;2005;2005;2;446
AT13;92100;92100;2005;2005;1;658
AT13;92100;92100;2005;2005;2;621
AT13;92200;92200;2005;2005;1;759
AT13;92200;92200;2005;2005;2;704
AT13;92300;92300;2005;2005;1;353
AT13;92300;92300;2005;2005;2;381
AT13;90100;90100;2006;2006;1;84
AT13;90100;90100;2006;2006;2;65
AT13;90200;90200;2006;2006;1;521
AT13;90200;90200;2006;2006;2;516
AT13;90300;90300;2006;2006;1;409
AT13;90300;90300;2006;2006;2;414
AT13;90400;90400;2006;2006;1;145
AT13;90400;90400;2006;2006;2;149
AT13;90500;90500;2006;2006;1;277
AT13;90500;90500;2006;2006;2;264
AT13;90600;90600;2006;2006;1;147
AT13;90600;90600;2006;2006;2;113
AT13;90700;90700;2006;2006;1;174
AT13;90700;90700;2006;2006;2;164
AT13;90800;90800;2006;2006;1;109
AT13;90800;90800;2006;2006;2;97
AT13;90900;90900;2006;2006;1;200
AT13;90900;90900;2006;2006;2;188
AT13;91000;91000;2006;2006;1;962
AT13;91000;91000;2006;2006;2;903
AT13;91100;91100;2006;2006;1;445
AT13;91100;91100;2006;2006;2;430
AT13;91200;91200;2006;2006;1;499
AT13;91200;91200;2006;2006;2;469
AT13;91300;91300;2006;2006;1;239
AT13;91300;91300;2006;2006;2;248
AT13;91400;91400;2006;2006;1;432
AT13;91400;91400;2006;2006;2;412
AT13;91500;91500;2006;2006;1;411
AT13;91500;91500;2006;2006;2;383
AT13;91600;91600;2006;2006;1;526
AT13;91600;91600;2006;2006;2;569
AT13;91700;91700;2006;2006;1;306
AT13;91700;91700;2006;2006;2;271
AT13;91800;91800;2006;2006;1;249
AT13;91800;91800;2006;2006;2;244
AT13;91900;91900;2006;2006;1;296
AT13;91900;91900;2006;2006;2;282
AT13;92000;92000;2006;2006;1;530
AT13;92000;92000;2006;2006;2;494
AT13;92100;92100;2006;2006;1;644
AT13;92100;92100;2006;2006;2;589
AT13;92200;92200;2006;2006;1;726
AT13;92200;92200;2006;2006;2;739
AT13;92300;92300;2006;2006;1;385
AT13;92300;92300;2006;2006;2;393
AT13;90100;90100;2007;2007;1;53
AT13;90100;90100;2007;2007;2;64
AT13;90200;90200;2007;2007;1;511
AT13;90200;90200;2007;2007;2;506
AT13;90300;90300;2007;2007;1;406
AT13;90300;90300;2007;2007;2;447
AT13;90400;90400;2007;2007;1;140
AT13;90400;90400;2007;2007;2;128
AT13;90500;90500;2007;2007;1;296
AT13;90500;90500;2007;2007;2;291
AT13;90600;90600;2007;2007;1;133
AT13;90600;90600;2007;2007;2;137
AT13;90700;90700;2007;2007;1;144
AT13;90700;90700;2007;2007;2;158
AT13;90800;90800;2007;2007;1;115
AT13;90800;90800;2007;2007;2;134
AT13;90900;90900;2007;2007;1;174
AT13;90900;90900;2007;2007;2;186
AT13;91000;91000;2007;2007;1;971
AT13;91000;91000;2007;2007;2;922
AT13;91100;91100;2007;2007;1;474
AT13;91100;91100;2007;2007;2;428
AT13;91200;91200;2007;2007;1;487
AT13;91200;91200;2007;2007;2;441
AT13;91300;91300;2007;2007;1;217
AT13;91300;91300;2007;2007;2;205
AT13;91400;91400;2007;2007;1;453
AT13;91400;91400;2007;2007;2;382
AT13;91500;91500;2007;2007;1;403
AT13;91500;91500;2007;2007;2;356
AT13;91600;91600;2007;2007;1;545
AT13;91600;91600;2007;2007;2;499
AT13;91700;91700;2007;2007;1;287
AT13;91700;91700;2007;2007;2;293
AT13;91800;91800;2007;2007;1;248
AT13;91800;91800;2007;2007;2;252
AT13;91900;91900;2007;2007;1;298
AT13;91900;91900;2007;2007;2;297
AT13;92000;92000;2007;2007;1;544
AT13;92000;92000;2007;2007;2;453
AT13;92100;92100;2007;2007;1;628
AT13;92100;92100;2007;2007;2;592
AT13;92200;92200;2007;2007;1;720
AT13;92200;92200;2007;2007;2;718
AT13;92300;92300;2007;2007;1;367
AT13;92300;92300;2007;2007;2;382
AT13;90100;90100;2008;2008;1;60
AT13;90100;90100;2008;2008;2;66
AT13;90200;90200;2008;2008;1;544
AT13;90200;90200;2008;2008;2;482
AT13;90300;90300;2008;2008;1;452
AT13;90300;90300;2008;2008;2;399
AT13;90400;90400;2008;2008;1;163
AT13;90400;90400;2008;2008;2;142
AT13;90500;90500;2008;2008;1;287
AT13;90500;90500;2008;2008;2;278
AT13;90600;90600;2008;2008;1;138
AT13;90600;90600;2008;2008;2;119
AT13;90700;90700;2008;2008;1;143
AT13;90700;90700;2008;2008;2;147
AT13;90800;90800;2008;2008;1;108
AT13;90800;90800;2008;2008;2;114
AT13;90900;90900;2008;2008;1;201
AT13;90900;90900;2008;2008;2;201
AT13;91000;91000;2008;2008;1;965
AT13;91000;91000;2008;2008;2;934
AT13;91100;91100;2008;2008;1;553
AT13;91100;91100;2008;2008;2;469
AT13;91200;91200;2008;2008;1;479
AT13;91200;91200;2008;2008;2;500
AT13;91300;91300;2008;2008;1;222
AT13;91300;91300;2008;2008;2;189
AT13;91400;91400;2008;2008;1;405
AT13;91400;91400;2008;2008;2;372
AT13;91500;91500;2008;2008;1;431
AT13;91500;91500;2008;2008;2;416
AT13;91600;91600;2008;2008;1;572
AT13;91600;91600;2008;2008;2;563
AT13;91700;91700;2008;2008;1;325
AT13;91700;91700;2008;2008;2;275
AT13;91800;91800;2008;2008;1;267
AT13;91800;91800;2008;2008;2;242
AT13;91900;91900;2008;2008;1;302
AT13;91900;91900;2008;2008;2;308
AT13;92000;92000;2008;2008;1;507
AT13;92000;92000;2008;2008;2;450
AT13;92100;92100;2008;2008;1;664
AT13;92100;92100;2008;2008;2;600
AT13;92200;92200;2008;2008;1;780
AT13;92200;92200;2008;2008;2;705
AT13;92300;92300;2008;2008;1;450
AT13;92300;92300;2008;2008;2;386
AT13;90100;90100;2009;2009;1;80
AT13;90100;90100;2009;2009;2;69
AT13;90200;90200;2009;2009;1;555
AT13;90200;90200;2009;2009;2;457
AT13;90300;90300;2009;2009;1;444
AT13;90300;90300;2009;2009;2;415
AT13;90400;90400;2009;2009;1;147
AT13;90400;90400;2009;2009;2;145
AT13;90500;90500;2009;2009;1;304
AT13;90500;90500;2009;2009;2;274
AT13;90600;90600;2009;2009;1;157
AT13;90600;90600;2009;2009;2;118
AT13;90700;90700;2009;2009;1;147
AT13;90700;90700;2009;2009;2;152
AT13;90800;90800;2009;2009;1;111
AT13;90800;90800;2009;2009;2;100
AT13;90900;90900;2009;2009;1;180
AT13;90900;90900;2009;2009;2;157
AT13;91000;91000;2009;2009;1;1015
AT13;91000;91000;2009;2009;2;938
AT13;91100;91100;2009;2009;1;523
AT13;91100;91100;2009;2009;2;457
AT13;91200;91200;2009;2009;1;514
AT13;91200;91200;2009;2009;2;471
AT13;91300;91300;2009;2009;1;200
AT13;91300;91300;2009;2009;2;242
AT13;91400;91400;2009;2009;1;439
AT13;91400;91400;2009;2009;2;370
AT13;91500;91500;2009;2009;1;425
AT13;91500;91500;2009;2009;2;395
AT13;91600;91600;2009;2009;1;564
AT13;91600;91600;2009;2009;2;541
AT13;91700;91700;2009;2009;1;311
AT13;91700;91700;2009;2009;2;265
AT13;91800;91800;2009;2009;1;271
AT13;91800;91800;2009;2009;2;254
AT13;91900;91900;2009;2009;1;297
AT13;91900;91900;2009;2009;2;275
AT13;92000;92000;2009;2009;1;516
AT13;92000;92000;2009;2009;2;484
AT13;92100;92100;2009;2009;1;646
AT13;92100;92100;2009;2009;2;605
AT13;92200;92200;2009;2009;1;688
AT13;92200;92200;2009;2009;2;673
AT13;92300;92300;2009;2009;1;380
AT13;92300;92300;2009;2009;2;383
AT13;90100;90100;2010;2010;1;73
AT13;90100;90100;2010;2010;2;73
AT13;90200;90200;2010;2010;1;602
AT13;90200;90200;2010;2010;2;565
AT13;90300;90300;2010;2010;1;461
AT13;90300;90300;2010;2010;2;425
AT13;90400;90400;2010;2010;1;144
AT13;90400;90400;2010;2010;2;173
AT13;90500;90500;2010;2010;1;334
AT13;90500;90500;2010;2010;2;265
AT13;90600;90600;2010;2010;1;152
AT13;90600;90600;2010;2010;2;137
AT13;90700;90700;2010;2010;1;128
AT13;90700;90700;2010;2010;2;165
AT13;90800;90800;2010;2010;1;108
AT13;90800;90800;2010;2010;2;102
AT13;90900;90900;2010;2010;1;201
AT13;90900;90900;2010;2010;2;178
AT13;91000;91000;2010;2010;1;1081
AT13;91000;91000;2010;2010;2;1026
AT13;91100;91100;2010;2010;1;559
AT13;91100;91100;2010;2010;2;501
AT13;91200;91200;2010;2010;1;502
AT13;91200;91200;2010;2010;2;473
AT13;91300;91300;2010;2010;1;224
AT13;91300;91300;2010;2010;2;212
AT13;91400;91400;2010;2010;1;428
AT13;91400;91400;2010;2010;2;393
AT13;91500;91500;2010;2010;1;452
AT13;91500;91500;2010;2010;2;403
AT13;91600;91600;2010;2010;1;559
AT13;91600;91600;2010;2010;2;561
AT13;91700;91700;2010;2010;1;308
AT13;91700;91700;2010;2010;2;268
AT13;91800;91800;2010;2010;1;261
AT13;91800;91800;2010;2010;2;234
AT13;91900;91900;2010;2010;1;275
AT13;91900;91900;2010;2010;2;307
AT13;92000;92000;2010;2010;1;558
AT13;92000;92000;2010;2010;2;463
AT13;92100;92100;2010;2010;1;692
AT13;92100;92100;2010;2010;2;667
AT13;92200;92200;2010;2010;1;741
AT13;92200;92200;2010;2010;2;722
AT13;92300;92300;2010;2010;1;437
AT13;92300;92300;2010;2010;2;396
AT13;90100;90100;2011;2011;1;74
AT13;90100;90100;2011;2011;2;73
AT13;90200;90200;2011;2011;1;576
AT13;90200;90200;2011;2011;2;540
AT13;90300;90300;2011;2011;1;453
AT13;90300;90300;2011;2011;2;396
AT13;90400;90400;2011;2011;1;153
AT13;90400;90400;2011;2011;2;159
AT13;90500;90500;2011;2011;1;346
AT13;90500;90500;2011;2011;2;311
AT13;90600;90600;2011;2011;1;155
AT13;90600;90600;2011;2011;2;133
AT13;90700;90700;2011;2011;1;161
AT13;90700;90700;2011;2011;2;149
AT13;90800;90800;2011;2011;1;104
AT13;90800;90800;2011;2011;2;102
AT13;90900;90900;2011;2011;1;198
AT13;90900;90900;2011;2011;2;209
AT13;91000;91000;2011;2011;1;1054
AT13;91000;91000;2011;2011;2;991
AT13;91100;91100;2011;2011;1;510
AT13;91100;91100;2011;2011;2;530
AT13;91200;91200;2011;2011;1;506
AT13;91200;91200;2011;2011;2;485
AT13;91300;91300;2011;2011;1;248
AT13;91300;91300;2011;2011;2;195
AT13;91400;91400;2011;2011;1;438
AT13;91400;91400;2011;2011;2;376
AT13;91500;91500;2011;2011;1;449
AT13;91500;91500;2011;2011;2;437
AT13;91600;91600;2011;2011;1;592
AT13;91600;91600;2011;2011;2;521
AT13;91700;91700;2011;2011;1;318
AT13;91700;91700;2011;2011;2;301
AT13;91800;91800;2011;2011;1;272
AT13;91800;91800;2011;2011;2;261
AT13;91900;91900;2011;2011;1;321
AT13;91900;91900;2011;2011;2;305
AT13;92000;92000;2011;2011;1;540
AT13;92000;92000;2011;2011;2;496
AT13;92100;92100;2011;2011;1;669
AT13;92100;92100;2011;2011;2;675
AT13;92200;92200;2011;2011;1;794
AT13;92200;92200;2011;2011;2;751
AT13;92300;92300;2011;2011;1;451
AT13;92300;92300;2011;2011;2;392
AT13;90100;90100;2012;2012;1;68
AT13;90100;90100;2012;2012;2;60
AT13;90200;90200;2012;2012;1;617
AT13;90200;90200;2012;2012;2;520
AT13;90300;90300;2012;2012;1;491
AT13;90300;90300;2012;2012;2;436
AT13;90400;90400;2012;2012;1;146
AT13;90400;90400;2012;2012;2;148
AT13;90500;90500;2012;2012;1;288
AT13;90500;90500;2012;2012;2;273
AT13;90600;90600;2012;2012;1;156
AT13;90600;90600;2012;2012;2;131
AT13;90700;90700;2012;2012;1;174
AT13;90700;90700;2012;2012;2;136
AT13;90800;90800;2012;2012;1;103
AT13;90800;90800;2012;2012;2;113
AT13;90900;90900;2012;2012;1;224
AT13;90900;90900;2012;2012;2;187
AT13;91000;91000;2012;2012;1;1104
AT13;91000;91000;2012;2012;2;1049
AT13;91100;91100;2012;2012;1;560
AT13;91100;91100;2012;2012;2;488
AT13;91200;91200;2012;2012;1;517
AT13;91200;91200;2012;2012;2;515
AT13;91300;91300;2012;2012;1;219
AT13;91300;91300;2012;2012;2;229
AT13;91400;91400;2012;2012;1;465
AT13;91400;91400;2012;2012;2;376
AT13;91500;91500;2012;2012;1;418
AT13;91500;91500;2012;2012;2;369
AT13;91600;91600;2012;2012;1;552
AT13;91600;91600;2012;2012;2;552
AT13;91700;91700;2012;2012;1;284
AT13;91700;91700;2012;2012;2;270
AT13;91800;91800;2012;2012;1;273
AT13;91800;91800;2012;2012;2;243
AT13;91900;91900;2012;2012;1;329
AT13;91900;91900;2012;2012;2;296
AT13;92000;92000;2012;2012;1;519
AT13;92000;92000;2012;2012;2;470
AT13;92100;92100;2012;2012;1;781
AT13;92100;92100;2012;2012;2;639
AT13;92200;92200;2012;2012;1;841
AT13;92200;92200;2012;2012;2;767
AT13;92300;92300;2012;2012;1;437
AT13;92300;92300;2012;2012;2;432
AT13;90100;90100;2013;2013;1;90
AT13;90100;90100;2013;2013;2;61
AT13;90200;90200;2013;2013;1;603
AT13;90200;90200;2013;2013;2;572
AT13;90300;90300;2013;2013;1;490
AT13;90300;90300;2013;2013;2;389
AT13;90400;90400;2013;2013;1;171
AT13;90400;90400;2013;2013;2;138
AT13;90500;90500;2013;2013;1;305
AT13;90500;90500;2013;2013;2;300
AT13;90600;90600;2013;2013;1;155
AT13;90600;90600;2013;2013;2;143
AT13;90700;90700;2013;2013;1;163
AT13;90700;90700;2013;2013;2;133
AT13;90800;90800;2013;2013;1;111
AT13;90800;90800;2013;2013;2;105
AT13;90900;90900;2013;2013;1;190
AT13;90900;90900;2013;2013;2;210
AT13;91000;91000;2013;2013;1;1154
AT13;91000;91000;2013;2013;2;997
AT13;91100;91100;2013;2013;1;546
AT13;91100;91100;2013;2013;2;526
AT13;91200;91200;2013;2013;1;548
AT13;91200;91200;2013;2013;2;482
AT13;91300;91300;2013;2013;1;264
AT13;91300;91300;2013;2013;2;209
AT13;91400;91400;2013;2013;1;474
AT13;91400;91400;2013;2013;2;466
AT13;91500;91500;2013;2013;1;478
AT13;91500;91500;2013;2013;2;431
AT13;91600;91600;2013;2013;1;608
AT13;91600;91600;2013;2013;2;560
AT13;91700;91700;2013;2013;1;321
AT13;91700;91700;2013;2013;2;292
AT13;91800;91800;2013;2013;1;269
AT13;91800;91800;2013;2013;2;247
AT13;91900;91900;2013;2013;1;327
AT13;91900;91900;2013;2013;2;294
AT13;92000;92000;2013;2013;1;542
AT13;92000;92000;2013;2013;2;458
AT13;92100;92100;2013;2013;1;777
AT13;92100;92100;2013;2013;2;665
AT13;92200;92200;2013;2013;1;842
AT13;92200;92200;2013;2013;2;739
AT13;92300;92300;2013;2013;1;437
AT13;92300;92300;2013;2013;2;409
AT13;90100;90100;2014;2014;1;69
AT13;90100;90100;2014;2014;2;74
AT13;90200;90200;2014;2014;1;650
AT13;90200;90200;2014;2014;2;594
AT13;90300;90300;2014;2014;1;457
AT13;90300;90300;2014;2014;2;488
AT13;90400;90400;2014;2014;1;156
AT13;90400;90400;2014;2014;2;139
AT13;90500;90500;2014;2014;1;267
AT13;90500;90500;2014;2014;2;278
AT13;90600;90600;2014;2014;1;151
AT13;90600;90600;2014;2014;2;158
AT13;90700;90700;2014;2014;1;161
AT13;90700;90700;2014;2014;2;143
AT13;90800;90800;2014;2014;1;117
AT13;90800;90800;2014;2014;2;103
AT13;90900;90900;2014;2014;1;199
AT13;90900;90900;2014;2014;2;221
AT13;91000;91000;2014;2014;1;1197
AT13;91000;91000;2014;2014;2;1123
AT13;91100;91100;2014;2014;1;599
AT13;91100;91100;2014;2014;2;510
AT13;91200;91200;2014;2014;1;557
AT13;91200;91200;2014;2014;2;499
AT13;91300;91300;2014;2014;1;248
AT13;91300;91300;2014;2014;2;213
AT13;91400;91400;2014;2014;1;470
AT13;91400;91400;2014;2014;2;436
AT13;91500;91500;2014;2014;1;423
AT13;91500;91500;2014;2014;2;431
AT13;91600;91600;2014;2014;1;623
AT13;91600;91600;2014;2014;2;557
AT13;91700;91700;2014;2014;1;342
AT13;91700;91700;2014;2014;2;271
AT13;91800;91800;2014;2014;1;305
AT13;91800;91800;2014;2014;2;256
AT13;91900;91900;2014;2014;1;310
AT13;91900;91900;2014;2014;2;311
AT13;92000;92000;2014;2014;1;562
AT13;92000;92000;2014;2014;2;503
AT13;92100;92100;2014;2014;1;766
AT13;92100;92100;2014;2014;2;693
AT13;92200;92200;2014;2014;1;867
AT13;92200;92200;2014;2014;2;836
AT13;92300;92300;2014;2014;1;497
AT13;92300;92300;2014;2014;2;430
AT13;90100;90100;2015;2015;1;68
AT13;90100;90100;2015;2015;2;58
AT13;90200;90200;2015;2015;1;669
AT13;90200;90200;2015;2015;2;615
AT13;90300;90300;2015;2015;1;480
AT13;90300;90300;2015;2015;2;437
AT13;90400;90400;2015;2015;1;153
AT13;90400;90400;2015;2015;2;143
AT13;90500;90500;2015;2015;1;331
AT13;90500;90500;2015;2015;2;334
AT13;90600;90600;2015;2015;1;129
AT13;90600;90600;2015;2015;2;143
AT13;90700;90700;2015;2015;1;194
AT13;90700;90700;2015;2015;2;174
AT13;90800;90800;2015;2015;1;113
AT13;90800;90800;2015;2015;2;108
AT13;90900;90900;2015;2015;1;214
AT13;90900;90900;2015;2015;2;211
AT13;91000;91000;2015;2015;1;1174
AT13;91000;91000;2015;2015;2;1103
AT13;91100;91100;2015;2015;1;569
AT13;91100;91100;2015;2015;2;543
AT13;91200;91200;2015;2015;1;576
AT13;91200;91200;2015;2015;2;560
AT13;91300;91300;2015;2015;1;255
AT13;91300;91300;2015;2015;2;218
AT13;91400;91400;2015;2015;1;547
AT13;91400;91400;2015;2015;2;460
AT13;91500;91500;2015;2015;1;496
AT13;91500;91500;2015;2015;2;458
AT13;91600;91600;2015;2015;1;609
AT13;91600;91600;2015;2015;2;583
AT13;91700;91700;2015;2015;1;305
AT13;91700;91700;2015;2015;2;343
AT13;91800;91800;2015;2015;1;264
AT13;91800;91800;2015;2015;2;259
AT13;91900;91900;2015;2015;1;373
AT13;91900;91900;2015;2015;2;337
AT13;92000;92000;2015;2015;1;533
AT13;92000;92000;2015;2015;2;529
AT13;92100;92100;2015;2015;1;786
AT13;92100;92100;2015;2015;2;753
AT13;92200;92200;2015;2015;1;984
AT13;92200;92200;2015;2015;2;891
AT13;92300;92300;2015;2015;1;453
AT13;92300;92300;2015;2015;2;396
AT13;90100;90100;2016;2016;1;54
AT13;90100;90100;2016;2016;2;64
AT13;90200;90200;2016;2016;1;684
AT13;90200;90200;2016;2016;2;608
AT13;90300;90300;2016;2016;1;494
AT13;90300;90300;2016;2016;2;476
AT13;90400;90400;2016;2016;1;148
AT13;90400;90400;2016;2016;2;173
AT13;90500;90500;2016;2016;1;306
AT13;90500;90500;2016;2016;2;325
AT13;90600;90600;2016;2016;1;165
AT13;90600;90600;2016;2016;2;153
AT13;90700;90700;2016;2016;1;182
AT13;90700;90700;2016;2016;2;141
AT13;90800;90800;2016;2016;1;139
AT13;90800;90800;2016;2016;2;100
AT13;90900;90900;2016;2016;1;222
AT13;90900;90900;2016;2016;2;215
AT13;91000;91000;2016;2016;1;1323
AT13;91000;91000;2016;2016;2;1229
AT13;91100;91100;2016;2016;1;640
AT13;91100;91100;2016;2016;2;583
AT13;91200;91200;2016;2016;1;582
AT13;91200;91200;2016;2016;2;566
AT13;91300;91300;2016;2016;1;261
AT13;91300;91300;2016;2016;2;245
AT13;91400;91400;2016;2016;1;540
AT13;91400;91400;2016;2016;2;436
AT13;91500;91500;2016;2016;1;508
AT13;91500;91500;2016;2016;2;481
AT13;91600;91600;2016;2016;1;636
AT13;91600;91600;2016;2016;2;629
AT13;91700;91700;2016;2016;1;320
AT13;91700;91700;2016;2016;2;320
AT13;91800;91800;2016;2016;1;291
AT13;91800;91800;2016;2016;2;263
AT13;91900;91900;2016;2016;1;356
AT13;91900;91900;2016;2016;2;344
AT13;92000;92000;2016;2016;1;556
AT13;92000;92000;2016;2016;2;531
AT13;92100;92100;2016;2016;1;814
AT13;92100;92100;2016;2016;2;855
AT13;92200;92200;2016;2016;1;919
AT13;92200;92200;2016;2016;2;948
AT13;92300;92300;2016;2016;1;498
AT13;92300;92300;2016;2016;2;481
AT13;90100;90100;2017;2017;1;67
AT13;90100;90100;2017;2017;2;60
AT13;90200;90200;2017;2017;1;622
AT13;90200;90200;2017;2017;2;619
AT13;90300;90300;2017;2017;1;480
AT13;90300;90300;2017;2017;2;441
AT13;90400;90400;2017;2017;1;147
AT13;90400;90400;2017;2017;2;151
AT13;90500;90500;2017;2017;1;304
AT13;90500;90500;2017;2017;2;309
AT13;90600;90600;2017;2017;1;144
AT13;90600;90600;2017;2017;2;139
AT13;90700;90700;2017;2017;1;159
AT13;90700;90700;2017;2017;2;150
AT13;90800;90800;2017;2017;1;115
AT13;90800;90800;2017;2017;2;109
AT13;90900;90900;2017;2017;1;209
AT13;90900;90900;2017;2017;2;172
AT13;91000;91000;2017;2017;1;1261
AT13;91000;91000;2017;2017;2;1171
AT13;91100;91100;2017;2017;1;665
AT13;91100;91100;2017;2017;2;602
AT13;91200;91200;2017;2017;1;559
AT13;91200;91200;2017;2017;2;536
AT13;91300;91300;2017;2017;1;260
AT13;91300;91300;2017;2017;2;240
AT13;91400;91400;2017;2017;1;509
AT13;91400;91400;2017;2017;2;479
AT13;91500;91500;2017;2017;1;488
AT13;91500;91500;2017;2017;2;467
AT13;91600;91600;2017;2017;1;666
AT13;91600;91600;2017;2017;2;590
AT13;91700;91700;2017;2017;1;372
AT13;91700;91700;2017;2017;2;305
AT13;91800;91800;2017;2017;1;290
AT13;91800;91800;2017;2017;2;278
AT13;91900;91900;2017;2017;1;333
AT13;91900;91900;2017;2017;2;333
AT13;92000;92000;2017;2017;1;567
AT13;92000;92000;2017;2017;2;499
AT13;92100;92100;2017;2017;1;936
AT13;92100;92100;2017;2017;2;885
AT13;92200;92200;2017;2017;1;953
AT13;92200;92200;2017;2017;2;923
AT13;92300;92300;2017;2017;1;487
AT13;92300;92300;2017;2017;2;525
AT13;90100;90100;2018;2018;1;58
AT13;90100;90100;2018;2018;2;48
AT13;90200;90200;2018;2018;1;578
AT13;90200;90200;2018;2018;2;550
AT13;90300;90300;2018;2018;1;486
AT13;90300;90300;2018;2018;2;487
AT13;90400;90400;2018;2018;1;132
AT13;90400;90400;2018;2018;2;147
AT13;90500;90500;2018;2018;1;289
AT13;90500;90500;2018;2018;2;266
AT13;90600;90600;2018;2018;1;151
AT13;90600;90600;2018;2018;2;153
AT13;90700;90700;2018;2018;1;131
AT13;90700;90700;2018;2018;2;139
AT13;90800;90800;2018;2018;1;107
AT13;90800;90800;2018;2018;2;98
AT13;90900;90900;2018;2018;1;197
AT13;90900;90900;2018;2018;2;188
AT13;91000;91000;2018;2018;1;1260
AT13;91000;91000;2018;2018;2;1266
AT13;91100;91100;2018;2018;1;591
AT13;91100;91100;2018;2018;2;615
AT13;91200;91200;2018;2018;1;550
AT13;91200;91200;2018;2018;2;531
AT13;91300;91300;2018;2018;1;223
AT13;91300;91300;2018;2018;2;221
AT13;91400;91400;2018;2018;1;450
AT13;91400;91400;2018;2018;2;483
AT13;91500;91500;2018;2018;1;462
AT13;91500;91500;2018;2018;2;375
AT13;91600;91600;2018;2018;1;613
AT13;91600;91600;2018;2018;2;601
AT13;91700;91700;2018;2018;1;335
AT13;91700;91700;2018;2018;2;313
AT13;91800;91800;2018;2018;1;277
AT13;91800;91800;2018;2018;2;259
AT13;91900;91900;2018;2018;1;335
AT13;91900;91900;2018;2018;2;315
AT13;92000;92000;2018;2018;1;491
AT13;92000;92000;2018;2018;2;451
AT13;92100;92100;2018;2018;1;943
AT13;92100;92100;2018;2018;2;875
AT13;92200;92200;2018;2018;1;1032
AT13;92200;92200;2018;2018;2;908
AT13;92300;92300;2018;2018;1;532
AT13;92300;92300;2018;2018;2;526
AT13;90100;90100;2019;2019;1;62
AT13;90100;90100;2019;2019;2;46
AT13;90200;90200;2019;2019;1;594
AT13;90200;90200;2019;2019;2;533
AT13;90300;90300;2019;2019;1;451
AT13;90300;90300;2019;2019;2;432
AT13;90400;90400;2019;2019;1;143
AT13;90400;90400;2019;2019;2;170
AT13;90500;90500;2019;2019;1;275
AT13;90500;90500;2019;2019;2;268
AT13;90600;90600;2019;2019;1;151
AT13;90600;90600;2019;2019;2;113
AT13;90700;90700;2019;2019;1;165
AT13;90700;90700;2019;2019;2;150
AT13;90800;90800;2019;2019;1;93
AT13;90800;90800;2019;2019;2;101
AT13;90900;90900;2019;2019;1;199
AT13;90900;90900;2019;2019;2;195
AT13;91000;91000;2019;2019;1;1326
AT13;91000;91000;2019;2019;2;1180
AT13;91100;91100;2019;2019;1;617
AT13;91100;91100;2019;2019;2;616
AT13;91200;91200;2019;2019;1;543
AT13;91200;91200;2019;2019;2;525
AT13;91300;91300;2019;2019;1;238
AT13;91300;91300;2019;2019;2;270
AT13;91400;91400;2019;2019;1;458
AT13;91400;91400;2019;2019;2;427
AT13;91500;91500;2019;2019;1;451
AT13;91500;91500;2019;2019;2;400
AT13;91600;91600;2019;2019;1;573
AT13;91600;91600;2019;2019;2;568
AT13;91700;91700;2019;2019;1;306
AT13;91700;91700;2019;2019;2;310
AT13;91800;91800;2019;2019;1;267
AT13;91800;91800;2019;2019;2;256
AT13;91900;91900;2019;2019;1;363
AT13;91900;91900;2019;2019;2;280
AT13;92000;92000;2019;2019;1;500
AT13;92000;92000;2019;2019;2;470
AT13;92100;92100;2019;2019;1;971
AT13;92100;92100;2019;2019;2;817
AT13;92200;92200;2019;2019;1;993
AT13;92200;92200;2019;2019;2;958
AT13;92300;92300;2019;2019;1;548
AT13;92300;92300;2019;2019;2;563
AT13;90100;90100;2020;2020;1;55
AT13;90100;90100;2020;2020;2;60
AT13;90200;90200;2020;2020;1;566
AT13;90200;90200;2020;2020;2;533
AT13;90300;90300;2020;2020;1;423
AT13;90300;90300;2020;2020;2;420
AT13;90400;90400;2020;2020;1;137
AT13;90400;90400;2020;2020;2;139
AT13;90500;90500;2020;2020;1;262
AT13;90500;90500;2020;2020;2;273
AT13;90600;90600;2020;2020;1;148
AT13;90600;90600;2020;2020;2;126
AT13;90700;90700;2020;2020;1;151
AT13;90700;90700;2020;2020;2;126
AT13;90800;90800;2020;2020;1;99
AT13;90800;90800;2020;2020;2;91
AT13;90900;90900;2020;2020;1;181
AT13;90900;90900;2020;2020;2;156
AT13;91000;91000;2020;2020;1;1309
AT13;91000;91000;2020;2020;2;1170
AT13;91100;91100;2020;2020;1;609
AT13;91100;91100;2020;2020;2;572
AT13;91200;91200;2020;2020;1;508
AT13;91200;91200;2020;2020;2;488
AT13;91300;91300;2020;2020;1;228
AT13;91300;91300;2020;2020;2;212
AT13;91400;91400;2020;2020;1;494
AT13;91400;91400;2020;2020;2;426
AT13;91500;91500;2020;2020;1;392
AT13;91500;91500;2020;2020;2;346
AT13;91600;91600;2020;2020;1;550
AT13;91600;91600;2020;2020;2;484
AT13;91700;91700;2020;2020;1;322
AT13;91700;91700;2020;2020;2;291
AT13;91800;91800;2020;2020;1;256
AT13;91800;91800;2020;2020;2;275
AT13;91900;91900;2020;2020;1;295
AT13;91900;91900;2020;2020;2;321
AT13;92000;92000;2020;2020;1;418
AT13;92000;92000;2020;2020;2;449
AT13;92100;92100;2020;2020;1;909
AT13;92100;92100;2020;2020;2;850
AT13;92200;92200;2020;2020;1;962
AT13;92200;92200;2020;2020;2;934
AT13;92300;92300;2020;2020;1;573
AT13;92300;92300;2020;2020;2;567
AT13;90100;90100;2021;2021;1;64
AT13;90100;90100;2021;2021;2;41
AT13;90200;90200;2021;2021;1;559
AT13;90200;90200;2021;2021;2;523
AT13;90300;90300;2021;2021;1;458
AT13;90300;90300;2021;2021;2;489
AT13;90400;90400;2021;2021;1;162
AT13;90400;90400;2021;2021;2;136
AT13;90500;90500;2021;2021;1;281
AT13;90500;90500;2021;2021;2;229
AT13;90600;90600;2021;2021;1;134
AT13;90600;90600;2021;2021;2;131
AT13;90700;90700;2021;2021;1;140
AT13;90700;90700;2021;2021;2;135
AT13;90800;90800;2021;2021;1;90
AT13;90800;90800;2021;2021;2;100
AT13;90900;90900;2021;2021;1;211
AT13;90900;90900;2021;2021;2;182
AT13;91000;91000;2021;2021;1;1313
AT13;91000;91000;2021;2021;2;1135
AT13;91100;91100;2021;2021;1;630
AT13;91100;91100;2021;2021;2;585
AT13;91200;91200;2021;2021;1;496
AT13;91200;91200;2021;2021;2;510
AT13;91300;91300;2021;2021;1;243
AT13;91300;91300;2021;2021;2;223
AT13;91400;91400;2021;2021;1;455
AT13;91400;91400;2021;2021;2;402
AT13;91500;91500;2021;2021;1;385
AT13;91500;91500;2021;2021;2;335
AT13;91600;91600;2021;2021;1;516
AT13;91600;91600;2021;2021;2;462
AT13;91700;91700;2021;2021;1;274
AT13;91700;91700;2021;2021;2;313
AT13;91800;91800;2021;2021;1;238
AT13;91800;91800;2021;2021;2;252
AT13;91900;91900;2021;2021;1;321
AT13;91900;91900;2021;2021;2;322
AT13;92000;92000;2021;2021;1;423
AT13;92000;92000;2021;2021;2;429
AT13;92100;92100;2021;2021;1;1006
AT13;92100;92100;2021;2021;2;872
AT13;92200;92200;2021;2021;1;1027
AT13;92200;92200;2021;2021;2;941
AT13;92300;92300;2021;2021;1;604
AT13;92300;92300;2021;2021;2;582
AT13;90100;90100;2022;2022;1;55
AT13;90100;90100;2022;2022;2;57
AT13;90200;90200;2022;2022;1;501
AT13;90200;90200;2022;2022;2;494
AT13;90300;90300;2022;2022;1;458
AT13;90300;90300;2022;2022;2;419
AT13;90400;90400;2022;2022;1;123
AT13;90400;90400;2022;2022;2;132
AT13;90500;90500;2022;2022;1;256
AT13;90500;90500;2022;2022;2;245
AT13;90600;90600;2022;2022;1;125
AT13;90600;90600;2022;2022;2;126
AT13;90700;90700;2022;2022;1;126
AT13;90700;90700;2022;2022;2;131
AT13;90800;90800;2022;2022;1;86
AT13;90800;90800;2022;2022;2;82
AT13;90900;90900;2022;2022;1;188
AT13;90900;90900;2022;2022;2;155
AT13;91000;91000;2022;2022;1;1277
AT13;91000;91000;2022;2022;2;1223
AT13;91100;91100;2022;2022;1;617
AT13;91100;91100;2022;2022;2;624
AT13;91200;91200;2022;2022;1;529
AT13;91200;91200;2022;2022;2;503
AT13;91300;91300;2022;2022;1;237
AT13;91300;91300;2022;2022;2;248
AT13;91400;91400;2022;2022;1;464
AT13;91400;91400;2022;2022;2;393
AT13;91500;91500;2022;2022;1;384
AT13;91500;91500;2022;2022;2;322
AT13;91600;91600;2022;2022;1;515
AT13;91600;91600;2022;2022;2;451
AT13;91700;91700;2022;2022;1;255
AT13;91700;91700;2022;2022;2;257
AT13;91800;91800;2022;2022;1;255
AT13;91800;91800;2022;2022;2;228
AT13;91900;91900;2022;2022;1;324
AT13;91900;91900;2022;2022;2;280
AT13;92000;92000;2022;2022;1;441
AT13;92000;92000;2022;2022;2;433
AT13;92100;92100;2022;2022;1;1033
AT13;92100;92100;2022;2022;2;915
AT13;92200;92200;2022;2022;1;964
AT13;92200;92200;2022;2022;2;1029
AT13;92300;92300;2022;2022;1;638
AT13;92300;92300;2022;2022;2;544
